{"is_source_file": false, "format": "", "description": "", "external_files": [], "external_methods": [], "published": [], "classes": [], "methods": [], "calls": [], "search-terms": [], "state": 2, "file_id": 8, "knowledge_revision": 27, "git_revision": "2e6243b9dd0df05d0daf528e710793cc155945bf", "hash": "e34bafabd142391c27476804886029f4", "format-version": 4, "code-base-name": "notes_app_frontend", "filename": "notes_app_frontend/src/App.css", "revision_history": [{"27": "2e6243b9dd0df05d0daf528e710793cc155945bf"}]}