{"is_source_file": false, "format": "", "description": "", "external_files": [], "external_methods": [], "published": [], "classes": [], "methods": [], "calls": [], "search-terms": [], "state": 2, "file_id": 2, "knowledge_revision": 18, "git_revision": "2e6243b9dd0df05d0daf528e710793cc155945bf", "hash": "d2b40d02d5f7873d8a6713bad837edd4", "format-version": 4, "code-base-name": "notes_app_frontend", "filename": "notes_app_frontend/public/index.html", "revision_history": [{"18": "2e6243b9dd0df05d0daf528e710793cc155945bf"}]}