{"is_source_file": true, "format": "JavaScript (React JSX)", "description": "This file defines the main React component for a simple, local storage-based notes application. It manages note creation, editing, deletion, filtering by search query, and persistence via localStorage. The code includes functions for generating unique IDs, formatting timestamps, loading/saving notes, and UI event handlers.", "external_files": ["./App.css"], "external_methods": [], "published": ["App"], "classes": [], "methods": [{"name": "generateId()", "description": "Generates a reasonably-unique id for notes without external dependencies by combining timestamp and a random suffix.", "scope": "", "scopeKind": ""}, {"name": "formatTimestamp(isoString)", "description": "Formats an ISO date string into a short, human-readable timestamp.", "scope": "", "scopeKind": ""}, {"name": "loadNotesFromStorage()", "description": "Attempts to read notes from localStorage and returns an array of note objects, or an empty array on failure.", "scope": "", "scopeKind": ""}, {"name": "saveNotesToStorage(notes)", "description": "Saves the current notes array into localStorage; errors are silently ignored.", "scope": "", "scopeKind": ""}, {"name": "App()", "scope": "", "scopeKind": "", "description": "unavailable"}], "calls": ["loadNotesFromStorage", "saveNotesToStorage", "setNotes", "setSearch", "setEditingId", "setTitle", "setBody", "useEffect", "useMemo", "formatTimestamp", "generateId", "startNew", "startEdit", "cancelEdit", "deleteNote", "saveCurrent"], "search-terms": ["React", "localStorage", "notes app", "edit notes", "search filter", "generateId", "formatTimestamp", "loadNotes", "saveNotes", "App component"], "state": 2, "file_id": 4, "knowledge_revision": 26, "git_revision": "2e6243b9dd0df05d0daf528e710793cc155945bf", "revision_history": [{"25": "2e6243b9dd0df05d0daf528e710793cc155945bf"}, {"26": "2e6243b9dd0df05d0daf528e710793cc155945bf"}], "ctags": [{"_type": "tag", "name": "App", "path": "/home/kavia/workspace/code-generation/simple-notes-304658-304667/notes_app_frontend/src/App.js", "pattern": "/^function App() {$/", "language": "JavaScript", "kind": "function", "signature": "()"}, {"_type": "tag", "name": "STORAGE_KEY", "path": "/home/kavia/workspace/code-generation/simple-notes-304658-304667/notes_app_frontend/src/App.js", "pattern": "/^const STORAGE_KEY = \"simple_notes__v1\";$/", "language": "JavaScript", "kind": "constant"}, {"_type": "tag", "name": "body", "path": "/home/kavia/workspace/code-generation/simple-notes-304658-304667/notes_app_frontend/src/App.js", "pattern": "/^        body: trimmedBody,$/", "language": "JavaScript", "kind": "property", "scope": "App.newNote", "scopeKind": "class"}, {"_type": "tag", "name": "formatTimestamp", "path": "/home/kavia/workspace/code-generation/simple-notes-304658-304667/notes_app_frontend/src/App.js", "pattern": "/^function formatTimestamp(isoString) {$/", "language": "JavaScript", "kind": "function", "signature": "(isoString)"}, {"_type": "tag", "name": "generateId", "path": "/home/kavia/workspace/code-generation/simple-notes-304658-304667/notes_app_frontend/src/App.js", "pattern": "/^function generateId() {$/", "language": "JavaScript", "kind": "function", "signature": "()"}, {"_type": "tag", "name": "id", "path": "/home/kavia/workspace/code-generation/simple-notes-304658-304667/notes_app_frontend/src/App.js", "pattern": "/^        id: generateId(),$/", "language": "JavaScript", "kind": "property", "scope": "App.newNote", "scopeKind": "class"}, {"_type": "tag", "name": "loadNotesFromStorage", "path": "/home/kavia/workspace/code-generation/simple-notes-304658-304667/notes_app_frontend/src/App.js", "pattern": "/^function loadNotesFromStorage() {$/", "language": "JavaScript", "kind": "function", "signature": "()"}, {"_type": "tag", "name": "newNote", "path": "/home/kavia/workspace/code-generation/simple-notes-304658-304667/notes_app_frontend/src/App.js", "pattern": "/^      const newNote = {$/", "language": "JavaScript", "kind": "class", "scope": "App", "scopeKind": "class"}, {"_type": "tag", "name": "saveNotesToStorage", "path": "/home/kavia/workspace/code-generation/simple-notes-304658-304667/notes_app_frontend/src/App.js", "pattern": "/^function saveNotesToStorage(notes) {$/", "language": "JavaScript", "kind": "function", "signature": "(notes)"}, {"_type": "tag", "name": "search", "path": "/home/kavia/workspace/code-generation/simple-notes-304658-304667/notes_app_frontend/src/App.js", "pattern": "/^                value={search}$/", "language": "JavaScript", "kind": "field", "scope": "App.value", "scopeKind": "class"}, {"_type": "tag", "name": "title", "path": "/home/kavia/workspace/code-generation/simple-notes-304658-304667/notes_app_frontend/src/App.js", "pattern": "/^        title: trimmedTitle || \"Untitled\",$/", "language": "JavaScript", "kind": "property", "scope": "App.newNote", "scopeKind": "class"}, {"_type": "tag", "name": "updatedAt", "path": "/home/kavia/workspace/code-generation/simple-notes-304658-304667/notes_app_frontend/src/App.js", "pattern": "/^        updatedAt: now,$/", "language": "JavaScript", "kind": "property", "scope": "App.newNote", "scopeKind": "class"}], "hash": "1e9100c23278785f5500104812f743c1", "format-version": 4, "code-base-name": "notes_app_frontend", "filename": "notes_app_frontend/src/App.js", "fields": [{"name": "body: trimmedBody,", "scope": "App.newNote", "scopeKind": "class", "description": "unavailable"}, {"name": "id: generateId(),", "scope": "App.newNote", "scopeKind": "class", "description": "unavailable"}, {"name": "value={search}", "scope": "App.value", "scopeKind": "class", "description": "unavailable"}, {"name": "title: trimmedTitle || \"Untitled\",", "scope": "App.newNote", "scopeKind": "class", "description": "unavailable"}, {"name": "updatedAt: now,", "scope": "App.newNote", "scopeKind": "class", "description": "unavailable"}]}