{"is_source_file": false, "format": "", "description": "", "external_files": [], "external_methods": [], "published": [], "classes": [], "methods": [], "calls": [], "search-terms": [], "state": 2, "file_id": 10, "knowledge_revision": 22, "git_revision": "2e6243b9dd0df05d0daf528e710793cc155945bf", "hash": "be6538e7523bc2e9da0743133d784136", "format-version": 4, "code-base-name": "notes_app_frontend", "filename": "notes_app_frontend/eslint.config.mjs", "revision_history": [{"22": "2e6243b9dd0df05d0daf528e710793cc155945bf"}]}