{"is_source_file": true, "format": "JavaScript (ReactJS)", "description": "This file initializes the React application by rendering the root component into the DOM element with id 'root'. It imports React, ReactDOM, styles, and the main App component.", "external_files": ["./App", "./index.css"], "external_methods": ["ReactDOM.createRoot"], "published": [], "classes": [], "methods": [{"name": "root.render", "description": "Renders the React component tree into the DOM using React.StrictMode for highlighting potential problems."}], "calls": ["ReactDOM.createRoot", "root.render"], "search-terms": ["React", "ReactDOM", "render", "createRoot", "index.js"], "state": 2, "file_id": 7, "knowledge_revision": 24, "git_revision": "2e6243b9dd0df05d0daf528e710793cc155945bf", "ctags": [{"_type": "tag", "name": "root", "path": "/home/kavia/workspace/code-generation/simple-notes-304658-304667/notes_app_frontend/src/index.js", "pattern": "/^const root = ReactDOM.createRoot(document.getElementById('root'));$/", "language": "JavaScript", "kind": "constant"}], "hash": "9fc5841375336fc175b49f8767a11383", "format-version": 4, "code-base-name": "notes_app_frontend", "filename": "notes_app_frontend/src/index.js", "revision_history": [{"24": "2e6243b9dd0df05d0daf528e710793cc155945bf"}]}