{"is_source_file": false, "format": "", "description": "", "external_files": [], "external_methods": [], "published": [], "classes": [], "methods": [], "calls": [], "search-terms": [], "state": 2, "file_id": 11, "knowledge_revision": 20, "git_revision": "2e6243b9dd0df05d0daf528e710793cc155945bf", "hash": "ebece526bc2eadd78ddd787a76c56607", "format-version": 4, "code-base-name": "notes_app_frontend", "filename": "notes_app_frontend/README.md", "revision_history": [{"20": "2e6243b9dd0df05d0daf528e710793cc155945bf"}]}