{"is_source_file": false, "format": "", "description": "", "external_files": [], "external_methods": [], "published": [], "classes": [], "methods": [], "calls": [], "search-terms": [], "state": 2, "file_id": 3, "knowledge_revision": 14, "git_revision": "2e6243b9dd0df05d0daf528e710793cc155945bf", "hash": "d9d975cebe2ec20b6c652e1e4c12ccf0", "format-version": 4, "code-base-name": "notes_app_frontend", "filename": "notes_app_frontend/public/manifest.json", "revision_history": [{"14": "2e6243b9dd0df05d0daf528e710793cc155945bf"}]}