{"is_source_file": false, "format": "", "description": "", "external_files": [], "external_methods": [], "published": [], "classes": [], "methods": [], "calls": [], "search-terms": [], "state": 2, "file_id": 9, "knowledge_revision": 28, "git_revision": "2e6243b9dd0df05d0daf528e710793cc155945bf", "hash": "5a3c4f90ef0bb31bf301f4144184c3c6", "format-version": 4, "code-base-name": "notes_app_frontend", "filename": "notes_app_frontend/src/index.css", "revision_history": [{"28": "2e6243b9dd0df05d0daf528e710793cc155945bf"}]}