{"is_source_file": false, "format": "", "description": "", "external_files": [], "external_methods": [], "published": [], "classes": [], "methods": [], "calls": [], "search-terms": [], "state": 2, "file_id": 1, "knowledge_revision": 17, "git_revision": "2e6243b9dd0df05d0daf528e710793cc155945bf", "hash": "d001d53c059625c4bcf75bf5a7f3fcf0", "format-version": 4, "code-base-name": "notes_app_frontend", "filename": "notes_app_frontend/package.json", "revision_history": [{"17": "2e6243b9dd0df05d0daf528e710793cc155945bf"}]}