{"is_source_file": false, "format": "", "description": "", "external_files": [], "external_methods": [], "published": [], "classes": [], "methods": [], "calls": [], "search-terms": [], "state": 2, "file_id": 6, "knowledge_revision": 23, "git_revision": "2e6243b9dd0df05d0daf528e710793cc155945bf", "ctags": [], "hash": "1a77571e1a8cf36018a41bcedf60db75", "format-version": 4, "code-base-name": "notes_app_frontend", "filename": "notes_app_frontend/src/setupTests.js", "revision_history": [{"23": "2e6243b9dd0df05d0daf528e710793cc155945bf"}]}