{"is_source_file": false, "format": "", "description": "", "external_files": [], "external_methods": [], "published": [], "classes": [], "methods": [], "calls": [], "search-terms": [], "state": 2, "file_id": 12, "knowledge_revision": 21, "git_revision": "07c4f9b0d7194b30cc0600e29d46f6c1ccc45577", "hash": "488d8f162df492b170eb19ad41d09c73", "format-version": 4, "code-base-name": "notes_app_frontend", "filename": "README.md", "revision_history": [{"21": "07c4f9b0d7194b30cc0600e29d46f6c1ccc45577"}]}